<beans xmlns="http://www.springframework.org/schema/beans"
	xmlns:context="http://www.springframework.org/schema/context"
	xmlns:xsi="http://www.w3.org/2001/XMLSchema-instance" xmlns:mvc="http://www.springframework.org/schema/mvc"
	xsi:schemaLocation="
        http://www.springframework.org/schema/beans     
        http://www.springframework.org/schema/beans/spring-beans.xsd
        http://www.springframework.org/schema/context 
        http://www.springframework.org/schema/context/spring-context.xsd
        http://www.springframework.org/schema/mvc 
        http://www.springframework.org/schema/mvc/spring-mvc.xsd">


	<bean id="contentNegotiationManager"
		class="org.springframework.web.accept.ContentNegotiationManagerFactoryBean" primary="true">
		<property name="favorPathExtension" value="true" />
		<property name="favorParameter" value="false" />
		<property name="ignoreAcceptHeader" value="true" />
		<property name="defaultContentType" value="application/xml" />
		<property name="useJaf" value="true" />
	</bean>
	<mvc:annotation-driven  content-negotiation-manager="contentNegotiationManager"/>

</beans>